login,full_name,created_at,stargazers_count,watchers_count,language,has_projects,has_wiki,license_name
mosh-hamedani,mosh-hamedani/python-projects-for-beginners,2024-08-29T17:14:21Z,73,73,Python,True,False,
mosh-hamedani,mosh-hamedani/vidly-mvc-5,2016-03-31T06:37:00Z,956,956,JavaScript,True,True,
mosh-hamedani,mosh-hamedani/react-course-part2-starter,2023-04-17T12:37:33Z,63,63,TypeScript,True,True,
mosh-hamedani,mosh-hamedani/python-supplementary-materials,2024-07-16T22:44:04Z,23,23,,True,True,
mosh-hamedani,mosh-hamedani/react-testing-starter,2024-01-29T20:30:40Z,60,60,TypeScript,True,False,
mosh-hamedani,mosh-hamedani/react-testing-finish,2024-01-30T17:23:46Z,47,47,TypeScript,True,False,
mosh-hamedani,mosh-hamedani/issue-tracker,2023-10-04T17:09:30Z,219,219,TypeScript,True,True,
mosh-hamedani,mosh-hamedani/javascript-testing-starter,2023-12-20T17:49:51Z,37,37,JavaScript,True,False,
mosh-hamedani,mosh-hamedani/javascript-testing-finish,2024-01-11T19:43:50Z,27,27,JavaScript,True,False,
mosh-hamedani,mosh-hamedani/next-course,2023-09-06T15:42:03Z,198,198,TypeScript,True,True,
mosh-hamedani,mosh-hamedani/game-hub,2023-03-07T16:02:30Z,274,274,TypeScript,True,True,
mosh-hamedani,mosh-hamedani/react-course-part2-finish,2023-04-17T12:38:25Z,44,44,TypeScript,True,True,
mosh-hamedani,mosh-hamedani/game-hub-part2-finish,2023-04-17T12:45:04Z,46,46,TypeScript,True,True,
mosh-hamedani,mosh-hamedani/react-course-part1,2023-03-08T17:58:11Z,498,498,TypeScript,True,True,
mosh-hamedani,mosh-hamedani/vidly-api-node,2018-07-19T20:39:41Z,307,307,JavaScript,True,True,
mosh-hamedani,mosh-hamedani/udemy-backbonejs-tutorial,2015-02-06T08:07:20Z,16,16,CSS,True,True,
mosh-hamedani,mosh-hamedani/vega,2017-03-22T01:13:11Z,169,169,C#,True,True,
mosh-hamedani,mosh-hamedani/jupiter,2020-09-07T21:43:37Z,6,6,,True,True,
mosh-hamedani,mosh-hamedani/organic-shop,2017-08-28T19:40:23Z,196,196,TypeScript,True,True,
mosh-hamedani,mosh-hamedani/awesome-angular,2017-08-10T05:45:49Z,35,35,HTML,True,True,cc0-1.0
mosh-hamedani,mosh-hamedani/AngularJS2-Learning,2017-08-10T05:41:03Z,28,28,,True,True,
mosh-hamedani,mosh-hamedani/angular-education,2017-08-10T05:30:30Z,22,22,,True,True,
mosh-hamedani,mosh-hamedani/followers-app,2017-07-25T21:30:16Z,14,14,TypeScript,True,True,
mosh-hamedani,mosh-hamedani/xdeploy,2017-07-25T21:11:09Z,5,5,TypeScript,True,True,
mosh-hamedani,mosh-hamedani/mosh-hamedani.github.io,2017-07-25T02:48:21Z,25,25,TypeScript,True,True,
mosh-hamedani,mosh-hamedani/angular2-course,2016-02-15T22:59:37Z,130,130,TypeScript,True,True,
mosh-hamedani,mosh-hamedani/angularfire2,2016-09-06T00:06:45Z,15,15,TypeScript,True,True,mit
TheCherno,TheCherno/ProjectTemplate,2023-11-13T04:24:02Z,414,414,Lua,True,False,unlicense
TheCherno,TheCherno/Genesis-Remake,2024-04-20T03:20:29Z,86,86,C++,True,True,
TheCherno,TheCherno/imgui,2018-12-04T23:33:06Z,92,92,C++,True,True,mit
TheCherno,TheCherno/Hazel,2018-10-20T03:31:42Z,11696,11696,C++,True,True,apache-2.0
TheCherno,TheCherno/yaml-cpp,2020-10-21T01:59:32Z,24,24,C++,True,True,mit
TheCherno,TheCherno/Walnut-Chat,2023-06-14T05:41:19Z,113,113,C++,True,False,mit
TheCherno,TheCherno/ImGuizmo,2020-10-22T04:52:03Z,42,42,C++,True,True,mit
TheCherno,TheCherno/glfw,2018-11-09T23:31:48Z,95,95,C,True,True,zlib
TheCherno,TheCherno/RayTracing,2022-04-26T08:21:10Z,373,373,C++,True,True,mit
TheCherno,TheCherno/box2d,2020-07-03T06:19:58Z,29,29,C++,True,False,mit
TheCherno,TheCherno/msdf-atlas-gen,2021-09-12T05:41:20Z,12,12,C++,True,False,mit
TheCherno,TheCherno/msdfgen,2021-09-12T04:59:03Z,9,9,C++,True,False,mit
TheCherno,TheCherno/OpenGL,2020-01-13T07:43:06Z,757,757,C++,True,True,apache-2.0
TheCherno,TheCherno/DocumentationWebsite,2022-02-23T00:24:12Z,24,24,,True,True,
TheCherno,TheCherno/HazelAudio,2020-04-27T06:47:02Z,82,82,C++,True,True,apache-2.0
TheCherno,TheCherno/HazelLua,2020-05-07T05:34:51Z,42,42,C++,True,True,
TheCherno,TheCherno/ChernoCraft,2014-09-11T03:48:31Z,122,122,C++,True,True,gpl-3.0
TheCherno,TheCherno/Sparky,2015-03-14T06:37:37Z,1095,1095,C++,True,True,apache-2.0
TheCherno,TheCherno/OneHourParticleSystem,2020-02-19T23:06:30Z,118,118,C++,True,True,apache-2.0
TheCherno,TheCherno/Hazel1HourGame,2019-12-06T22:40:04Z,153,153,C++,True,True,apache-2.0
TheCherno,TheCherno/Flappy,2015-02-23T02:08:47Z,143,143,Java,True,True,gpl-3.0
TheCherno,TheCherno/Flinty,2016-07-29T07:14:41Z,34,34,C,True,True,apache-2.0
TheCherno,TheCherno/GameProgramming,2015-11-06T07:18:08Z,73,73,Java,True,True,
TheCherno,TheCherno/ChernoChat,2013-07-24T11:11:50Z,96,96,Java,True,True,
TheCherno,TheCherno/AnimatedSpriteCompression,2016-08-10T05:59:59Z,19,19,C,True,True,apache-2.0
TheCherno,TheCherno/Genesis,2016-05-28T06:22:12Z,33,33,Java,True,True,
TheCherno,TheCherno/JavaSerialization,2016-03-30T04:20:49Z,21,21,Java,True,True,
TheCherno,TheCherno/Growth,2015-12-13T10:28:40Z,13,13,Java,True,True,
TheCherno,TheCherno/EventSystem,2015-10-09T09:14:25Z,23,23,Java,True,True,unlicense
TheCherno,TheCherno/LD32,2015-04-18T00:47:18Z,13,13,C,True,True,apache-2.0
haileys,haileys/fig,2024-09-19T01:46:32Z,2,2,Shell,True,True,
haileys,haileys/home-assistant-core,2024-06-14T00:14:42Z,0,0,Python,True,False,apache-2.0
haileys,haileys/quick-hass,2024-05-10T12:32:35Z,2,2,JavaScript,True,True,
haileys,haileys/bark,2023-08-14T11:24:24Z,667,667,Rust,True,True,agpl-3.0
haileys,haileys/pkg.hails.org,2024-08-22T05:25:33Z,0,0,HTML,True,True,
haileys,haileys/home-assistant-sensor.opennem,2024-08-22T09:57:56Z,0,0,Python,True,True,mit
haileys,haileys/fdk-aac-rs,2020-04-16T14:57:02Z,13,13,Rust,True,True,mit
haileys,haileys/hailsplay,2023-07-24T08:05:29Z,0,0,Rust,True,True,
haileys,haileys/protobuf,2024-06-11T11:00:41Z,0,0,,True,True,other
haileys,haileys/diffcalc,2012-03-30T09:28:03Z,13,13,JavaScript,True,True,
haileys,haileys/dedeadname,2021-08-01T12:35:25Z,6,6,Shell,True,True,
haileys,haileys/worldclock-gnome,2024-05-28T15:56:59Z,0,0,JavaScript,True,True,
haileys,haileys/linux-x32,2024-04-14T05:01:57Z,1,1,Shell,True,True,
haileys,haileys/airsonic-refix,2024-05-17T11:24:46Z,0,0,,True,True,agpl-3.0
haileys,haileys/sqlitemapper,2023-09-12T02:55:42Z,3,3,Rust,True,True,
haileys,haileys/tangara-companion,2024-01-17T10:11:06Z,6,6,Rust,True,True,other
haileys,haileys/jsos,2012-02-10T08:19:26Z,1037,1037,C,True,True,
haileys,haileys/termpo,2016-04-13T06:11:30Z,1,1,C,True,True,
haileys,haileys/rgr,2014-02-05T01:58:21Z,37,37,Ruby,True,True,
haileys,haileys/esp-idf,2023-09-22T10:53:00Z,0,0,,True,True,apache-2.0
haileys,haileys/gtk-builder,2024-02-16T07:04:59Z,1,1,Shell,True,True,
haileys,haileys/gtk-static,2024-01-27T01:32:43Z,1,1,Shell,True,True,
haileys,haileys/windows-executor,2024-02-10T03:35:30Z,2,2,Rust,True,True,mit
haileys,haileys/gvsbuild,2024-01-19T21:43:37Z,0,0,C++,True,False,gpl-2.0
haileys,haileys/graphite,2024-01-30T05:33:51Z,0,0,,True,True,other
haileys,haileys/util-linux,2024-01-29T23:39:03Z,0,0,,True,True,gpl-2.0
haileys,haileys/soxr-rs,2024-01-24T12:05:38Z,1,1,Rust,True,True,other
haileys,haileys/fdk-aac-mirror,2020-04-16T07:44:25Z,1,1,C++,True,True,other
haileys,haileys/libexpat,2024-01-20T03:07:52Z,0,0,,True,False,mit
haileys,haileys/gtk,2024-01-20T04:48:59Z,0,0,C,True,True,other
rstacruz,rstacruz/vimfiles,2010-08-01T17:39:37Z,63,63,Lua,True,True,apache-2.0
rstacruz,rstacruz/lazyvim.github.io,2024-10-29T13:05:59Z,0,0,,True,True,
rstacruz,rstacruz/astro-starter-rsc,2024-03-03T10:13:25Z,2,2,JavaScript,False,False,mit
rstacruz,rstacruz/LazyVim,2023-03-03T21:56:09Z,0,0,,True,True,apache-2.0
rstacruz,rstacruz/my-zmk-config,2021-09-11T14:46:44Z,11,11,C,False,False,
rstacruz,rstacruz/tmuxfiles,2017-10-04T03:59:05Z,15,15,Shell,True,True,
rstacruz,rstacruz/cheatsheets,2012-03-16T06:17:34Z,13812,13812,SCSS,False,False,
rstacruz,rstacruz/fish-asdf,2017-10-24T08:27:48Z,40,40,Shell,True,True,mit
rstacruz,rstacruz/sparkup,2009-10-13T10:20:28Z,1565,1565,Python,True,True,mit
rstacruz,rstacruz/vim-closer,2015-05-31T07:48:55Z,343,343,Vim Script,True,True,mit
rstacruz,rstacruz/fishfiles,2015-05-19T20:24:07Z,28,28,Shell,True,True,
rstacruz,rstacruz/authsense,2016-06-16T17:52:19Z,9,9,Elixir,True,True,
rstacruz,rstacruz/rspec-repeat,2015-09-24T15:47:55Z,24,24,Ruby,True,True,mit
rstacruz,rstacruz/devhints-mirror,2020-06-22T22:57:40Z,6,6,HTML,True,True,mit
rstacruz,rstacruz/ricostacruz-dot-com-discussions,2023-11-27T13:23:23Z,0,0,,False,False,
rstacruz,rstacruz/bump-cli,2014-08-11T04:44:44Z,38,38,JavaScript,True,True,mit
rstacruz,rstacruz/rscss,2015-01-29T07:33:51Z,3910,3910,,True,True,
rstacruz,rstacruz/flatdoc,2013-05-26T14:21:27Z,2680,2680,CSS,True,True,
rstacruz,rstacruz/my_qmk_keymaps,2021-01-25T04:19:22Z,74,74,C,False,False,mit
rstacruz,rstacruz/nvim,2023-04-16T10:54:22Z,0,0,,True,False,mit
rstacruz,rstacruz/docs,2023-03-21T08:10:21Z,0,0,,True,False,mit
rstacruz,rstacruz/swipeshow,2013-01-24T13:43:23Z,192,192,JavaScript,True,True,
rstacruz,rstacruz/remount,2018-08-16T10:57:39Z,713,713,JavaScript,True,True,mit
rstacruz,rstacruz/nvim-starter,2022-06-16T23:29:15Z,13,13,Lua,True,True,mit
rstacruz,rstacruz/lazygit,2023-02-23T23:47:09Z,0,0,,True,True,mit
rstacruz,rstacruz/onmount,2015-06-25T16:04:34Z,163,163,JavaScript,True,True,mit
rstacruz,rstacruz/tsx,2023-02-07T05:53:10Z,1,1,,True,False,mit
rstacruz,rstacruz/architecture-decision-record,2023-01-16T01:06:23Z,0,0,,True,True,
rstacruz,rstacruz/nvim-various-textobjs,2023-01-10T22:53:43Z,0,0,,True,True,mit
rstacruz,rstacruz/rehype-sectionize,2020-04-28T01:58:37Z,3,3,JavaScript,True,True,
jesseduffield,jesseduffield/lazygit,2018-05-19T00:53:06Z,52604,52604,Go,True,True,mit
jesseduffield,jesseduffield/jesseduffield.github.io,2021-03-26T23:46:53Z,1,1,SCSS,True,True,mit
jesseduffield,jesseduffield/gocui,2018-06-05T08:34:39Z,218,218,Go,True,True,bsd-3-clause
jesseduffield,jesseduffield/homebrew-core,2019-03-04T08:51:57Z,1,1,Ruby,True,False,bsd-2-clause
jesseduffield,jesseduffield/homebrew-lazygit,2018-08-09T00:31:04Z,1,1,Ruby,True,True,mit
jesseduffield,jesseduffield/horcrux,2020-01-02T06:36:56Z,4622,4622,Go,True,True,mit
jesseduffield,jesseduffield/lazydocker,2019-05-18T08:53:50Z,37046,37046,Go,True,False,mit
jesseduffield,jesseduffield/ahoy_email,2024-07-15T12:42:57Z,1,1,,True,False,mit
jesseduffield,jesseduffield/lazy_migrate,2020-08-02T23:10:40Z,191,191,Ruby,True,True,mit
jesseduffield,jesseduffield/homebrew-lazydocker,2019-06-18T10:09:35Z,2,2,Ruby,True,True,
jesseduffield,jesseduffield/test-collector-javascript,2023-01-10T02:04:33Z,0,0,,True,False,mit
jesseduffield,jesseduffield/kill,2022-06-18T03:15:46Z,13,13,Go,True,True,mit
jesseduffield,jesseduffield/lazygit-debian,2019-03-10T11:54:46Z,14,14,,True,True,other
jesseduffield,jesseduffield/lazycli,2021-01-05T06:06:30Z,351,351,Rust,True,True,mit
jesseduffield,jesseduffield/xplr,2023-03-16T02:37:56Z,9,9,,True,True,mit
jesseduffield,jesseduffield/lazynpm,2020-04-05T04:01:27Z,647,647,Go,True,True,mit
jesseduffield,jesseduffield/immortality-reminder,2023-01-07T02:10:53Z,3,3,,True,True,mit
jesseduffield,jesseduffield/react-reconciliation,2020-02-21T03:36:36Z,2,2,JavaScript,True,True,
jesseduffield,jesseduffield/OK,2021-08-15T08:20:26Z,535,535,Go,True,True,mit
jesseduffield,jesseduffield/CodeSlap,2020-07-12T03:44:05Z,9,9,JavaScript,True,True,mit
jesseduffield,jesseduffield/lazycore,2022-10-08T20:28:32Z,19,19,Go,True,True,mit
jesseduffield,jesseduffield/go-git,2020-08-23T06:22:20Z,3,3,Go,True,True,apache-2.0
jesseduffield,jesseduffield/rust-protobuf,2022-05-31T07:37:34Z,1,1,Rust,True,False,mit
jesseduffield,jesseduffield/homebrew-lazynpm,2020-04-13T02:50:13Z,0,0,Ruby,True,True,
jesseduffield,jesseduffield/go-parsefix,2021-06-13T09:39:38Z,1,1,Go,True,True,bsd-2-clause
jesseduffield,jesseduffield/generics,2022-03-18T10:38:20Z,14,14,Go,True,True,mit
jesseduffield,jesseduffield/wisdom,2022-02-15T11:31:57Z,14,14,,True,True,
jesseduffield,jesseduffield/open-uri,2022-02-28T02:08:19Z,0,0,,True,False,bsd-2-clause
jesseduffield,jesseduffield/minimal,2021-10-18T10:35:04Z,2,2,Go,True,True,bsd-3-clause
jesseduffield,jesseduffield/react-dilemma,2021-01-17T11:23:58Z,7,7,TypeScript,True,True,
basarat,basarat/course-nextjs,2024-09-11T22:08:14Z,3,3,TypeScript,True,True,
basarat,basarat/course-react,2024-08-23T04:00:45Z,5,5,TypeScript,True,True,
basarat,basarat/demo-pages,2023-01-24T22:55:07Z,2,2,TypeScript,True,True,
basarat,basarat/workshop-playwright,2024-07-24T07:25:08Z,2,2,TypeScript,True,True,
basarat,basarat/demo-playwright,2024-09-01T02:18:52Z,0,0,TypeScript,True,True,
basarat,basarat/react-typescript,2016-03-28T08:38:43Z,62,62,JavaScript,True,True,
basarat,basarat/cypress-ts,2019-07-02T22:21:30Z,30,30,JavaScript,True,True,
basarat,basarat/2019-02-react-melbourne,2019-02-21T00:10:04Z,4,4,,True,True,
basarat,basarat/demo-typestyle,2017-02-28T22:37:42Z,6,6,TypeScript,True,True,
basarat,basarat/basarat.github.io,2015-10-06T01:29:48Z,6,6,CSS,True,True,
basarat,basarat/demo-useclient,2024-08-05T02:29:55Z,0,0,TypeScript,True,True,
basarat,basarat/sentry-javascript,2024-05-02T05:13:13Z,0,0,,True,False,mit
basarat,basarat/typescript-book,2015-03-21T07:01:38Z,20816,20816,TypeScript,True,True,other
basarat,basarat/typescript-for-professionals,2020-09-01T00:18:34Z,152,152,TypeScript,True,True,cc-by-4.0
basarat,basarat/eze,2017-01-03T00:56:44Z,2,2,TypeScript,True,True,
basarat,basarat/demo-group-by,2024-06-08T08:34:29Z,0,0,TypeScript,True,True,
basarat,basarat/demo-test-sentry,2024-05-06T23:48:44Z,2,2,TypeScript,True,True,
basarat,basarat/coding-interview,2019-02-11T23:09:10Z,41,41,TypeScript,True,True,
basarat,basarat/takeme,2017-08-03T01:25:50Z,39,39,TypeScript,True,True,
basarat,basarat/byots,2016-07-24T00:36:39Z,267,267,TypeScript,True,True,
basarat,basarat/typescript-script,2015-05-12T05:34:44Z,226,226,JavaScript,True,True,mit
basarat,basarat/cypress-workshop,2020-07-07T01:58:38Z,2,2,TypeScript,True,True,
basarat,basarat/trpc,2023-10-15T06:02:11Z,0,0,,True,False,mit
basarat,basarat/type-testing,2023-10-05T19:25:01Z,1,1,,True,True,mit
basarat,basarat/demo-benny,2023-08-15T12:02:07Z,0,0,TypeScript,True,True,
basarat,basarat/gls,2016-02-09T23:03:27Z,55,55,MDX,True,True,mit
basarat,basarat/demo-app-store-badge,2023-06-14T23:09:34Z,0,0,HTML,True,True,
basarat,basarat/demo-google-play-badge,2023-06-13T08:42:34Z,0,0,HTML,True,True,
basarat,basarat/demo-playwright-vrt,2022-03-03T07:10:19Z,4,4,TypeScript,True,True,
basarat,basarat/demo-typescript-env,2023-05-16T22:42:39Z,0,0,TypeScript,True,True,
markdalgleish,markdalgleish/react-router-parallel-layouts-bug-repro,2024-09-19T12:12:32Z,0,0,TypeScript,True,True,
markdalgleish,markdalgleish/template-init-script-example,2024-05-20T02:03:12Z,6,6,JavaScript,True,True,
markdalgleish,markdalgleish/remix-vite-cloudflare-workers-playground,2024-04-23T04:47:45Z,5,5,TypeScript,True,True,
markdalgleish,markdalgleish/vite,2023-09-20T23:21:32Z,0,0,,True,False,mit
markdalgleish,markdalgleish/remix-vite-css-url-demo,2024-02-02T03:30:50Z,6,6,JavaScript,True,True,mit
markdalgleish,markdalgleish/remix-vite-express-with-v1-routes,2024-02-13T21:22:59Z,0,0,JavaScript,True,True,
markdalgleish,markdalgleish/vite-ecosystem-ci,2024-01-15T22:00:13Z,0,0,,True,True,mit
markdalgleish,markdalgleish/css-hooks-playground,2023-12-13T06:02:19Z,5,5,TypeScript,True,True,
markdalgleish,markdalgleish/remix-template-vite,2023-10-20T13:37:22Z,0,0,,True,True,
markdalgleish,markdalgleish/esbuild-plugins-node-modules-polyfill,2023-06-20T04:28:19Z,0,0,,True,True,mit
markdalgleish,markdalgleish/router,2023-08-01T04:44:39Z,0,0,,True,True,mit
markdalgleish,markdalgleish/workers-sdk,2023-05-18T05:18:01Z,0,0,,True,False,apache-2.0
markdalgleish,markdalgleish/esbuild-css-modules-plugin,2022-11-23T23:16:04Z,0,0,,True,True,mit
markdalgleish,markdalgleish/figma-leading-trim,2022-07-01T05:49:21Z,30,30,TypeScript,True,True,mit
markdalgleish,markdalgleish/wagmi-coinbase-chain-issue,2022-09-19T05:34:31Z,0,0,TypeScript,True,True,
markdalgleish,markdalgleish/astro-vanilla-extract-demo,2022-09-12T20:57:17Z,18,18,Astro,True,True,mit
markdalgleish,markdalgleish/remix,2022-09-10T01:48:59Z,0,0,,True,False,mit
markdalgleish,markdalgleish/remix-vanilla-extract-prototype,2022-08-31T21:11:15Z,53,53,TypeScript,True,True,mit
markdalgleish,markdalgleish/solid-start,2022-08-09T05:44:57Z,0,0,,True,True,mit
markdalgleish,markdalgleish/wagmi,2022-02-11T01:08:06Z,0,0,TypeScript,True,False,mit
markdalgleish,markdalgleish/siwe-next-auth-example,2022-07-28T04:38:12Z,0,0,,True,True,isc
markdalgleish,markdalgleish/walletconnect-docs,2022-07-12T05:40:48Z,0,0,,True,True,mit
markdalgleish,markdalgleish/vite-tailwind-rainbowkit-starter,2022-07-08T04:46:08Z,0,0,,True,True,
markdalgleish,markdalgleish/walletconnnect-deeplink-prompt-issue,2022-06-16T05:26:14Z,1,1,TypeScript,True,True,
markdalgleish,markdalgleish/walletconnect-example-dapp,2022-06-23T01:10:52Z,0,0,,True,True,mit
markdalgleish,markdalgleish/stellar.js,2012-01-06T02:02:20Z,4638,4638,JavaScript,True,True,mit
markdalgleish,markdalgleish/nextjs-vanilla-extract-example,2021-09-03T13:17:53Z,37,37,TypeScript,True,True,mit
markdalgleish,markdalgleish/react-a11y-dialog,2022-01-23T22:48:35Z,0,0,,True,False,mit
markdalgleish,markdalgleish/preconstruct-node-esm-import-issue,2021-11-26T08:37:40Z,1,1,JavaScript,True,True,
markdalgleish,markdalgleish/react-native-gesture-handler,2021-11-17T00:21:56Z,0,0,,True,False,mit
JakeLin,JakeLin/generative-ai-for-beginners,2023-11-13T03:46:59Z,1,1,,True,False,mit
JakeLin,JakeLin/openai-cookbook,2023-11-11T01:57:26Z,1,1,,True,False,mit
JakeLin,JakeLin/ChineseZodiac,2014-08-22T12:33:56Z,151,151,Swift,True,True,mit
JakeLin,JakeLin/SwiftLanguageWeather,2014-06-10T10:58:37Z,5240,5240,Swift,True,True,mit
JakeLin,JakeLin/mlc-llm,2023-08-07T07:44:18Z,1,1,Python,True,True,apache-2.0
JakeLin,JakeLin/pxt-arcade,2022-12-29T09:07:15Z,0,0,,True,False,mit
JakeLin,JakeLin/ConflictResolver,2014-11-27T02:51:21Z,44,44,Swift,True,True,mit
JakeLin,JakeLin/realestate,2022-02-03T23:23:11Z,0,0,JavaScript,True,True,mit
JakeLin,JakeLin/99multiplier,2022-01-05T08:08:42Z,1,1,TypeScript,True,True,mit
JakeLin,JakeLin/CombinePlayground,2021-11-20T02:09:36Z,5,5,Swift,True,True,mit
JakeLin,JakeLin/Moments-SwiftUI,2021-08-01T02:45:37Z,47,47,Swift,True,True,mit
JakeLin,JakeLin/moments-api,2020-10-24T06:22:07Z,0,0,JavaScript,True,True,mit
JakeLin,JakeLin/substrate-node-template,2020-11-22T13:15:57Z,0,0,,True,True,unlicense
JakeLin,JakeLin/WWDC20,2020-07-02T08:33:30Z,0,0,,True,True,
JakeLin,JakeLin/articles,2020-05-29T00:39:45Z,1,1,,True,False,other
JakeLin,JakeLin/SaveTheDot,2016-06-21T22:35:53Z,805,805,Swift,True,True,mit
JakeLin,JakeLin/ethereum-remittance,2019-08-21T04:49:11Z,1,1,JavaScript,True,True,
JakeLin,JakeLin/ethereum-splitter,2019-07-25T05:34:36Z,0,0,JavaScript,True,True,mit
JakeLin,JakeLin/awesome-iOS-resource,2018-08-31T01:51:11Z,2,2,,True,True,lgpl-3.0
JakeLin,JakeLin/SchoolZones,2015-02-10T12:53:05Z,7,7,Swift,True,True,mit
JakeLin,JakeLin/crypto-raffle,2018-05-13T22:33:56Z,3,3,JavaScript,True,True,mit
JakeLin,JakeLin/EIPs,2018-06-18T14:14:30Z,0,0,HTML,True,False,
JakeLin,JakeLin/ethereum-smart-contract-course,2018-04-22T13:37:54Z,2,2,,True,True,
JakeLin,JakeLin/ethereum-riddle,2018-03-20T22:18:54Z,0,0,JavaScript,True,True,mit
JakeLin,JakeLin/swift-source-compat-suite,2018-02-23T02:36:38Z,0,0,Python,True,False,apache-2.0
JakeLin,JakeLin/IBPresentation,2016-10-02T01:39:02Z,7,7,Swift,True,True,mit
JakeLin,JakeLin/Nimble,2017-02-16T04:10:47Z,1,1,Swift,True,True,apache-2.0
JakeLin,JakeLin/IBCalculator,2015-10-06T12:41:13Z,62,62,Swift,True,True,
JakeLin,JakeLin/swift-evolution,2016-11-22T22:25:14Z,0,0,XSLT,True,False,apache-2.0
JakeLin,JakeLin/IGListKit,2016-10-23T01:19:07Z,0,0,Objective-C,True,False,other
binarythistle,binarythistle/CommadAPI8-No-Actions,2024-10-29T09:24:14Z,0,0,C#,True,True,
binarythistle,binarythistle/mp-order-creator,2024-10-28T01:20:44Z,0,0,C#,True,True,
binarythistle,binarythistle/CommadAPI8,2024-09-19T09:08:12Z,0,0,C#,True,True,
binarythistle,binarythistle/apibook.net8,2024-09-07T02:13:31Z,5,5,C#,True,True,
binarythistle,binarythistle/S07E01---Get-webhooks-locally,2024-07-29T09:22:10Z,2,2,C#,True,True,
binarythistle,binarythistle/S07E01---Consuming-Webhooks-Locally,2024-07-15T09:06:09Z,1,1,C#,True,True,
binarythistle,binarythistle/Secure-Daemon-Client,2020-05-30T08:48:56Z,10,10,C#,True,True,
binarythistle,binarythistle/S04E03---.NET-Microservices-Course-,2021-08-22T07:56:37Z,589,589,C#,True,True,
binarythistle,binarythistle/Azure-Nigeria-Talk-2023,2023-10-26T10:24:23Z,2,2,C#,True,True,
binarythistle,binarythistle/Local-Webhook-Proxy,2023-10-02T01:03:04Z,5,5,C#,True,True,
binarythistle,binarythistle/graphql-platform,2023-08-03T10:38:24Z,2,2,,True,False,mit
binarythistle,binarythistle/S06E04-Build-a-gRPC-service-in-NET-7,2023-08-01T11:06:24Z,18,18,C#,True,True,
binarythistle,binarythistle/S06E04---gRPC-API-with-JSON-Transcoding,2023-07-17T08:32:22Z,1,1,C#,True,True,
binarythistle,binarythistle/Complete-ASP.NET-Core-API-Tutorial-2nd-Edition-Net-Core-3.1,2020-01-19T02:03:58Z,26,26,C#,True,True,
binarythistle,binarythistle/S06E03---Publisher-Subscriber,2023-03-26T05:29:48Z,11,11,C#,True,True,
binarythistle,binarythistle/S04E01---.NET-5-GraphQL-API,2021-01-30T07:26:58Z,108,108,C#,True,True,
binarythistle,binarythistle/S06E02---Asynchronous-APIs-,2023-02-07T09:13:59Z,16,16,C#,True,True,
binarythistle,binarythistle/Consuming-Webhooks,2022-11-02T23:31:02Z,5,5,C#,True,True,
binarythistle,binarythistle/S06E01---GPT3-API-Client,2023-01-08T04:52:48Z,37,37,C#,True,True,
binarythistle,binarythistle/SnipCLI,2020-07-06T09:33:04Z,4,4,C#,True,True,mit
binarythistle,binarythistle/printcolour,2022-10-11T08:59:49Z,1,1,C#,True,True,
binarythistle,binarythistle/S05E05---3APIs,2022-10-02T06:53:30Z,5,5,Ruby,True,True,
binarythistle,binarythistle/S05E04---.NET-MAUI-Step-by-step-,2022-08-23T07:45:06Z,55,55,C#,True,True,
binarythistle,binarythistle/S05E03---Minimal-APIs,2022-05-29T04:24:10Z,52,52,C#,True,True,
binarythistle,binarythistle/Redis-as-a-Primary-Db-with-example-in-.NET6,2021-12-04T01:46:16Z,35,35,C#,True,True,
binarythistle,binarythistle/Polly-Beginners-Guide,2021-10-25T09:08:21Z,21,21,C#,True,True,
binarythistle,binarythistle/S03E03---Azure-Devops-and-Terraform,2020-05-05T01:15:58Z,48,48,C#,True,True,
binarythistle,binarythistle/Complete-ASP.NET-Core-API-Tutorial-3rd-Edition-Net-Core-3.1,2020-05-21T02:35:40Z,21,21,C#,True,True,
binarythistle,binarythistle/S03E01-Secure-.NET-Core-API,2020-02-23T04:56:58Z,68,68,C#,True,True,
binarythistle,binarythistle/S04E02---Blazor-API-Client,2021-04-25T01:43:32Z,15,15,C#,True,True,
radar,radar/mtg,2021-09-27T03:32:14Z,63,63,Ruby,True,True,
radar,radar/ryanbigg.com,2010-12-26T11:44:27Z,18,18,HTML,False,True,
radar,radar/distance_of_time_in_words,2009-08-06T00:07:02Z,522,522,Ruby,True,True,mit
radar,radar/opentelemetry.io,2024-09-20T05:45:43Z,0,0,,True,False,cc-by-4.0
radar,radar/sanitize,2024-09-13T00:19:26Z,0,0,,True,True,mit
radar,radar/credit-card-type,2024-08-29T01:27:30Z,0,0,TypeScript,True,False,mit
radar,radar/cards_tf,2024-08-03T00:26:00Z,0,0,Python,True,True,
radar,radar/homebrew-homebrew,2024-07-24T23:42:29Z,0,0,,True,False,
radar,radar/humanize,2009-03-25T12:26:52Z,468,468,Ruby,True,True,mit
radar,radar/joyofelixir,2017-06-25T22:24:02Z,148,148,HTML,True,True,cc-by-sa-4.0
radar,radar/hanami-assets-js,2024-02-27T20:31:20Z,0,0,,True,False,
radar,radar/hanami.github.io,2018-03-01T06:28:28Z,0,0,HTML,True,False,
radar,radar/hanami-cli,2023-09-11T06:19:19Z,0,0,,True,True,mit
radar,radar/dot-files,2009-01-30T02:14:15Z,22,22,Shell,True,True,
radar,radar/flipper,2023-11-13T00:53:12Z,0,0,,True,False,mit
radar,radar/graphql_book_examples,2023-10-10T19:40:57Z,5,5,Ruby,True,True,
radar,radar/capybara,2023-08-21T06:27:32Z,0,0,Ruby,True,False,mit
radar,radar/jot,2023-07-03T21:17:47Z,5,5,Ruby,True,True,
radar,radar/dry-types,2023-06-27T04:49:49Z,0,0,Ruby,True,False,mit
radar,radar/graphql-ruby,2023-06-13T21:28:22Z,0,0,,True,True,mit
radar,radar/cb2,2023-06-06T21:21:12Z,1,1,Ruby,True,True,mit
radar,radar/twist-v2,2018-03-05T06:46:54Z,127,127,Ruby,True,True,
radar,radar/barefoot,2019-12-13T00:29:32Z,1,1,JavaScript,True,True,
radar,radar/searcher,2010-10-03T03:13:25Z,25,25,Ruby,True,True,mit
radar,radar/grove,2023-03-27T19:53:00Z,0,0,,True,True,gpl-3.0
radar,radar/jep-docker,2019-10-08T22:57:30Z,0,0,Ruby,True,True,
radar,radar/monkeytype,2023-03-11T23:40:30Z,0,0,TypeScript,True,False,gpl-3.0
radar,radar/homebrew-core,2022-05-29T23:32:05Z,0,0,Ruby,True,False,bsd-2-clause
radar,radar/decafsucks,2023-02-21T07:38:20Z,0,0,,True,False,
radar,radar/opensearch-rails,2023-02-01T23:33:33Z,0,0,Ruby,True,True,apache-2.0
mishmanners,mishmanners/MishManners,2020-08-13T04:16:51Z,157,157,,True,True,other
mishmanners,mishmanners/Free-Learning-Content,2020-04-23T07:15:29Z,38,38,,True,True,other
mishmanners,mishmanners/hackathons,2021-10-26T04:52:32Z,3,3,HTML,True,True,cc0-1.0
mishmanners,mishmanners/Travel,2023-10-25T03:52:16Z,4,4,,True,True,cc0-1.0
mishmanners,mishmanners/mish-friendly-food,2022-10-10T05:04:23Z,13,13,Astro,True,True,mit
mishmanners,mishmanners/js13kBreakouts,2024-08-29T11:04:40Z,0,0,,True,True,
mishmanners,mishmanners/TalksandEvents,2022-10-12T00:32:31Z,25,25,,True,True,
mishmanners,mishmanners/PetSpotR,2024-10-15T00:05:59Z,0,0,,True,False,mit
mishmanners,mishmanners/graphql-dotnet,2024-09-05T03:06:36Z,1,1,,True,False,mit
mishmanners,mishmanners/copilot-hands-on,2024-08-30T11:53:41Z,0,0,,True,True,mit
mishmanners,mishmanners/GitHub-Like-A-Boss,2020-05-14T10:02:16Z,31,31,COBOL,True,True,cc0-1.0
mishmanners,mishmanners/TwilioQuestCode,2022-07-12T03:08:55Z,0,0,JavaScript,True,True,
mishmanners,mishmanners/awesome-github-profile-readme,2024-07-08T05:29:14Z,0,0,,True,True,cc0-1.0
mishmanners,mishmanners/readme.so,2024-05-30T06:59:53Z,2,2,,True,True,mit
mishmanners,mishmanners/Potato,2024-02-22T03:52:31Z,1,1,,True,False,gpl-3.0
mishmanners,mishmanners/GGJ-snakes,2024-01-17T22:18:07Z,2,2,C#,True,True,mit
mishmanners,mishmanners/copilotx,2024-08-07T03:16:28Z,1,1,,True,False,mit
mishmanners,mishmanners/web5-js,2023-10-30T01:29:55Z,0,0,,True,True,apache-2.0
mishmanners,mishmanners/oh-my-posh,2023-10-30T01:35:57Z,1,1,,True,False,mit
mishmanners,mishmanners/mattermost,2023-10-30T00:44:10Z,0,0,,True,False,other
mishmanners,mishmanners/ToolJet,2021-10-26T06:36:59Z,1,1,JavaScript,True,False,agpl-3.0
mishmanners,mishmanners/dwn-sdk-js,2023-10-30T01:18:20Z,0,0,TypeScript,True,True,apache-2.0
mishmanners,mishmanners/developer.tbd.website,2023-10-30T01:00:39Z,0,0,,True,False,apache-2.0
mishmanners,mishmanners/dwn-server,2023-10-30T01:12:35Z,1,1,,True,True,apache-2.0
mishmanners,mishmanners/DocsGPT,2023-10-27T00:03:36Z,0,0,Python,True,True,mit
mishmanners,mishmanners/hyperswitch,2023-10-30T00:28:00Z,0,0,,True,True,apache-2.0
mishmanners,mishmanners/awesome-huggingface,2023-10-30T00:21:05Z,0,0,,True,True,apache-2.0
mishmanners,mishmanners/flyte,2021-10-26T06:49:51Z,1,1,,True,False,apache-2.0
mishmanners,mishmanners/appwrite,2021-10-14T01:31:41Z,1,1,TypeScript,True,False,bsd-3-clause
mishmanners,mishmanners/awesome-appwrite,2021-10-13T07:16:14Z,1,1,,True,True,
timacdonald,timacdonald/framework,2022-02-16T08:24:00Z,2,2,PHP,True,False,mit
timacdonald,timacdonald/solder,2024-10-14T21:18:46Z,0,0,TypeScript,True,True,mit
timacdonald,timacdonald/alfresco,2023-04-10T06:40:01Z,49,49,PHP,False,False,
timacdonald,timacdonald/pulse-test,2023-12-18T04:16:13Z,0,0,PHP,True,True,
timacdonald,timacdonald/json-api,2021-08-09T12:08:42Z,580,580,PHP,True,True,
timacdonald,timacdonald/cached-valuestore,2018-02-25T01:40:33Z,12,12,PHP,True,True,mit
timacdonald,timacdonald/shiki-php,2024-09-29T01:58:10Z,0,0,,True,False,mit
timacdonald,timacdonald/doc-en,2023-08-26T21:21:50Z,0,0,XML,True,False,
timacdonald,timacdonald/inertia-laravel,2023-02-22T01:09:46Z,0,0,,True,False,mit
timacdonald,timacdonald/vim-test,2024-08-12T06:25:06Z,0,0,,True,True,
timacdonald,timacdonald/log-fake,2018-10-06T00:49:03Z,404,404,PHP,False,False,mit
timacdonald,timacdonald/clickhouse-docs,2024-07-30T23:51:41Z,0,0,,True,True,other
timacdonald,timacdonald/inertia-eager-asset-prefetch,2024-07-17T22:10:59Z,3,3,PHP,True,True,mit
timacdonald,timacdonald/symfony,2024-07-19T01:32:30Z,0,0,,True,False,mit
timacdonald,timacdonald/pulse-validation-errors,2024-05-10T08:35:26Z,95,95,PHP,True,True,
timacdonald,timacdonald/has-parameters,2020-04-11T05:46:48Z,221,221,PHP,False,False,mit
timacdonald,timacdonald/callable-fake,2020-04-05T04:13:27Z,45,45,PHP,False,False,mit
timacdonald,timacdonald/ClickHouse,2024-06-19T00:32:37Z,0,0,,True,True,apache-2.0
timacdonald,timacdonald/decorate,2024-06-08T22:21:40Z,0,0,PHP,True,True,
timacdonald,timacdonald/precognition-issue,2024-06-11T21:51:29Z,0,0,,True,True,
timacdonald,timacdonald/fortify,2024-03-19T01:22:04Z,0,0,,True,False,mit
timacdonald,timacdonald/horizon,2024-03-18T23:49:10Z,0,0,,True,False,mit
timacdonald,timacdonald/reverb,2024-03-19T01:32:52Z,0,0,,True,False,mit
timacdonald,timacdonald/pail,2024-03-19T01:26:20Z,0,0,,True,False,mit
timacdonald,timacdonald/sail,2024-03-19T00:59:00Z,0,0,,True,False,mit
timacdonald,timacdonald/sanctum,2024-03-19T00:46:39Z,0,0,,True,False,mit
timacdonald,timacdonald/telescope,2024-03-19T00:03:36Z,0,0,,True,False,mit
timacdonald,timacdonald/test-package,2023-12-19T23:33:58Z,0,0,,True,True,
timacdonald,timacdonald/404-monitor,2023-12-07T22:04:21Z,1,1,,True,False,mit
timacdonald,timacdonald/discord-notification-channel,2023-10-26T03:45:40Z,0,0,,True,False,
TuPayChain,TuPayChain/initial-coin-offering-platform,2024-07-09T14:01:52Z,2,2,,True,True,
TuPayChain,TuPayChain/POS-web,2024-05-19T06:23:13Z,1,1,,True,True,
md-5,md-5/clients,2024-09-04T10:47:21Z,0,0,,True,False,other
md-5,md-5/maven-checkstyle-plugin,2024-08-24T23:37:34Z,0,0,,True,False,
md-5,md-5/SpecialSource,2012-12-06T03:23:43Z,209,209,Java,True,False,other
md-5,md-5/guava,2021-12-24T08:34:16Z,0,0,Java,True,True,apache-2.0
md-5,md-5/proguard-core,2021-10-08T23:29:17Z,0,0,Java,True,False,apache-2.0
md-5,md-5/Deadbolt,2011-08-25T21:25:02Z,19,19,Java,True,False,
md-5,md-5/lombok,2021-01-27T01:22:31Z,1,1,Java,True,True,mit
md-5,md-5/hugo-eureka,2021-01-29T01:59:51Z,1,1,HTML,True,False,apache-2.0
md-5,md-5/plexus-archiver,2020-04-22T02:41:55Z,0,0,Java,True,False,apache-2.0
md-5,md-5/docx2tex,2020-01-04T04:46:27Z,0,0,,True,True,bsd-2-clause
md-5,md-5/evolve-hub,2020-01-04T04:34:15Z,0,0,,True,True,bsd-2-clause
md-5,md-5/OpenJDK,2017-09-27T23:55:49Z,25,25,Java,False,False,gpl-2.0
md-5,md-5/jd-gui,2019-08-10T00:45:50Z,0,0,Java,True,True,gpl-3.0
md-5,md-5/maven-javadoc-plugin,2019-03-22T11:40:31Z,0,0,Java,True,False,
md-5,md-5/sqlite-jdbc,2019-03-17T08:36:02Z,0,0,Java,True,True,apache-2.0
md-5,md-5/geshi-1.0,2019-01-06T07:44:49Z,0,0,PHP,True,True,gpl-2.0
md-5,md-5/intellij-community,2018-12-18T01:58:43Z,0,0,,True,False,apache-2.0
md-5,md-5/avogadro,2018-08-23T02:12:54Z,1,1,C++,True,True,gpl-2.0
md-5,md-5/plexus-compiler,2015-01-05T08:36:03Z,0,0,Java,True,True,
md-5,md-5/SigngiS,2017-12-28T23:12:19Z,0,0,Java,True,True,
md-5,md-5/NoCheatPlus,2013-07-10T22:35:42Z,0,0,Java,True,False,gpl-3.0
md-5,md-5/PlotSquared,2017-12-08T08:52:46Z,0,0,Java,True,True,gpl-3.0
md-5,md-5/GriefPrevention,2017-12-06T06:53:02Z,0,0,Java,True,True,
md-5,md-5/worldguard,2012-04-07T10:39:35Z,2,2,Java,True,True,other
md-5,md-5/WorldEdit,2017-04-23T02:00:44Z,0,0,Java,True,False,other
md-5,md-5/autobahntestsuite-maven-plugin,2017-02-19T10:49:04Z,0,0,Python,True,True,apache-2.0
md-5,md-5/netty,2012-11-24T05:09:24Z,0,0,Java,True,False,apache-2.0
md-5,md-5/WorldEdit-Adapters,2016-12-01T10:39:21Z,0,0,Java,True,True,lgpl-3.0
md-5,md-5/atheme-contrib-modules,2016-02-04T06:33:33Z,0,0,C,True,False,
md-5,md-5/iTag,2013-08-31T21:55:06Z,13,13,Java,True,False,other
thomasdavis,thomasdavis/thomasdavis,2020-04-02T15:25:19Z,1,1,,True,True,mit
thomasdavis,thomasdavis/lordajax.com,2021-07-15T14:14:57Z,2,2,HTML,True,False,
thomasdavis,thomasdavis/jsonresume-theme-valtown,2024-06-18T18:21:24Z,0,0,JavaScript,True,True,
thomasdavis,thomasdavis/resume,2014-06-15T16:42:05Z,38,38,,True,True,
thomasdavis,thomasdavis/jsonresume-theme-github2,2023-06-07T00:23:56Z,1,1,Handlebars,True,False,
thomasdavis,thomasdavis/pinjs,2012-09-27T10:25:06Z,25,25,JavaScript,True,True,other
thomasdavis,thomasdavis/altproducts,2020-02-12T10:21:10Z,2,2,JavaScript,True,True,
thomasdavis,thomasdavis/whatwedo,2019-09-05T15:24:01Z,2,2,JavaScript,True,True,
thomasdavis,thomasdavis/jsonblog-cli,2020-06-04T13:17:26Z,1,1,JavaScript,True,True,
thomasdavis,thomasdavis/omega2,2022-11-18T15:44:01Z,0,0,JavaScript,True,True,
thomasdavis,thomasdavis/screenshot,2023-05-16T22:29:56Z,0,0,,True,True,mit
thomasdavis,thomasdavis/zerarri.com,2022-07-24T05:01:49Z,0,0,,True,True,
thomasdavis,thomasdavis/jsonblog-generator-boilerplate,2020-06-04T13:22:38Z,1,1,JavaScript,True,True,
thomasdavis,thomasdavis/emptydoors,2022-01-21T11:36:22Z,0,0,JavaScript,True,True,
thomasdavis,thomasdavis/resumed,2022-01-12T12:07:20Z,0,0,,True,True,mit
thomasdavis,thomasdavis/covidcalc,2020-04-02T15:26:03Z,1,1,JavaScript,True,True,apache-2.0
thomasdavis,thomasdavis/omega,2021-07-13T12:33:28Z,41,41,JavaScript,True,True,apache-2.0
thomasdavis,thomasdavis/dummyjaresumesite,2021-10-27T14:16:44Z,1,1,,True,True,
thomasdavis,thomasdavis/DigitalBeing,2021-08-26T04:14:26Z,1,1,,True,True,mit
thomasdavis,thomasdavis/example-get-started,2021-06-08T08:54:16Z,1,1,,True,False,
thomasdavis,thomasdavis/vue-mailchimp-subscribe,2021-05-19T03:30:44Z,1,1,,True,True,mit
thomasdavis,thomasdavis/jsonresume-theme-techlead,2019-11-13T02:14:30Z,3,3,HTML,True,True,mit
thomasdavis,thomasdavis/pewdata,2022-01-18T08:30:29Z,0,0,,True,True,other
thomasdavis,thomasdavis/sifnode,2021-01-25T01:54:02Z,1,1,,True,True,
thomasdavis,thomasdavis/blockbid-ccxt-tutorials,2019-07-24T08:42:57Z,384,384,JavaScript,True,True,bsd-2-clause
thomasdavis,thomasdavis/U-2-Net,2020-11-24T03:18:40Z,1,1,,True,True,apache-2.0
thomasdavis,thomasdavis/asda,2020-10-13T23:50:14Z,2,2,,True,True,
thomasdavis,thomasdavis/ajaxdavis,2020-08-17T11:12:21Z,2,2,HTML,True,True,
thomasdavis,thomasdavis/testingjsonblog,2020-06-09T14:00:17Z,1,1,HTML,True,True,
thomasdavis,thomasdavis/backbonetutorials,2011-03-31T04:43:47Z,2303,2303,JavaScript,True,True,
geelen,geelen/flux-ai-image-generator,2024-10-06T23:17:13Z,1,1,TypeScript,True,True,
geelen,geelen/shellac,2020-12-01T12:34:01Z,156,156,TypeScript,True,True,mit
geelen,geelen/git-smart,2010-12-29T04:57:11Z,429,429,Ruby,True,True,mit
geelen,geelen/maddog,2024-07-30T07:33:29Z,0,0,,True,True,
geelen,geelen/npx-import,2022-08-02T10:54:18Z,161,161,TypeScript,True,True,
geelen,geelen/do-settimeout-bug,2024-06-12T05:27:19Z,0,0,TypeScript,True,True,
geelen,geelen/worst-counter,2024-05-01T10:25:31Z,0,0,TypeScript,True,True,
geelen,geelen/quick-d1-session-api-example,2024-03-27T21:57:35Z,1,1,TypeScript,True,True,
geelen,geelen/workerd,2023-04-12T00:15:17Z,0,0,C++,True,True,apache-2.0
geelen,geelen/sqlite-rs,2023-02-15T04:09:02Z,0,0,Rust,True,True,
geelen,geelen/prox,2023-08-04T02:24:06Z,0,0,TypeScript,True,True,
geelen,geelen/miniflare,2023-03-01T23:32:18Z,0,0,,True,True,mit
geelen,geelen/zest,2023-07-13T01:49:09Z,0,0,TypeScript,True,True,
geelen,geelen/d1-runtime-shim-test,2023-07-13T04:53:16Z,0,0,TypeScript,True,True,
geelen,geelen/d1-northwind,2023-05-03T04:50:13Z,0,0,JavaScript,True,True,mit
geelen,geelen/wildebeest,2023-05-05T05:19:55Z,0,0,,True,False,other
geelen,geelen/wrangler2,2022-01-27T18:57:46Z,0,0,TypeScript,True,False,apache-2.0
geelen,geelen/invlex,2023-04-18T02:34:09Z,0,0,TypeScript,True,True,
geelen,geelen/rails-fab,2019-09-25T00:58:01Z,0,0,Ruby,True,True,
geelen,geelen/fab-v1-nextjs-demo,2020-06-08T08:04:27Z,0,0,JavaScript,True,True,
geelen,geelen/austpost-demo,2019-09-24T01:45:33Z,0,0,JavaScript,True,True,
geelen,geelen/austpost-prep,2019-09-24T00:17:43Z,0,0,JavaScript,True,True,
geelen,geelen/react-rally-fab-demo,2019-08-30T04:20:19Z,0,0,JavaScript,True,True,
geelen,geelen/code19-demo,2019-06-21T03:24:02Z,0,0,JavaScript,True,True,
geelen,geelen/wdcode-demo-prep,2019-06-21T01:57:18Z,0,0,JavaScript,True,True,
geelen,geelen/fab-talk,2018-11-11T07:13:56Z,0,0,JavaScript,True,True,
geelen,geelen/absolute-minimal-fab,2019-11-28T16:38:06Z,0,0,TypeScript,True,True,
geelen,geelen/nextjs8-demo,2019-03-05T00:39:12Z,0,0,JavaScript,True,True,
geelen,geelen/expo-demo-project,2019-06-26T04:38:29Z,0,0,JavaScript,True,True,
geelen,geelen/plex_autoscan,2022-11-20T00:39:13Z,0,0,Python,True,True,gpl-3.0
MugunthKumar,MugunthKumar/Enphase-Envoy-mqtt-json,2024-10-16T04:55:10Z,0,0,Python,True,True,mit
MugunthKumar,MugunthKumar/Audible,2024-10-11T06:29:02Z,0,0,,True,False,agpl-3.0
MugunthKumar,MugunthKumar/audible-bookmark-extractor,2024-07-19T04:17:34Z,1,1,Python,True,True,
MugunthKumar,MugunthKumar/aws-sa-associate-saac03,2023-06-08T04:03:54Z,0,0,,True,True,mit
MugunthKumar,MugunthKumar/aws-sa-associate-saac02,2023-06-08T04:03:23Z,0,0,,True,True,mit
MugunthKumar,MugunthKumar/MKNetworkKit-Swift,2016-02-01T04:33:31Z,88,88,Swift,True,False,other
MugunthKumar,MugunthKumar/LocationWithoutPrompt,2017-08-24T04:51:50Z,126,126,Swift,True,True,
MugunthKumar,MugunthKumar/MKStoreKit,2011-01-17T03:20:14Z,2090,2090,Objective-C,True,True,
MugunthKumar,MugunthKumar/MKNetworkKit,2011-11-25T07:10:27Z,3063,3063,Objective-C,True,True,
MugunthKumar,MugunthKumar/Gravatar,2010-09-11T14:10:50Z,47,47,Objective-C,True,True,
MugunthKumar,MugunthKumar/SWTableViewCell,2016-10-30T04:02:42Z,1,1,Objective-C,True,True,mit
MugunthKumar,MugunthKumar/GoldenRatioColors,2016-04-30T06:33:23Z,4,4,Swift,True,True,mit
MugunthKumar,MugunthKumar/Reachability.swift,2016-03-13T05:36:28Z,0,0,Swift,True,True,mit
MugunthKumar,MugunthKumar/Alamofire,2016-02-12T10:39:31Z,0,0,Swift,True,False,mit
MugunthKumar,MugunthKumar/Restler,2016-02-12T10:38:28Z,0,0,JavaScript,True,True,
MugunthKumar,MugunthKumar/MKiCloudSync,2011-11-20T05:29:41Z,532,532,Objective-C,True,True,
MugunthKumar,MugunthKumar/pusher-websocket-swift,2015-11-19T02:59:39Z,0,0,Swift,True,True,mit
MugunthKumar,MugunthKumar/Argo,2015-10-07T06:52:21Z,0,0,Swift,True,False,mit
MugunthKumar,MugunthKumar/XCDYouTubeKit,2015-10-02T09:00:49Z,0,0,Objective-C,True,False,mit
MugunthKumar,MugunthKumar/libPusher,2015-11-13T04:57:38Z,0,0,C,True,True,other
MugunthKumar,MugunthKumar/SwiftLogger,2015-06-19T05:26:46Z,18,18,Swift,True,True,
MugunthKumar,MugunthKumar/MGSplitViewController,2014-05-26T03:06:15Z,1,1,Objective-C,True,True,
MugunthKumar,MugunthKumar/WarningLights,2013-12-24T07:35:39Z,1,1,Objective-C,True,True,unlicense
MugunthKumar,MugunthKumar/UITextViewAttributedStringBug,2013-10-05T08:05:59Z,1,1,Objective-C,True,True,
MugunthKumar,MugunthKumar/GoldenRatioColorDemo,2013-09-01T17:12:30Z,13,13,Objective-C,True,True,mit
MugunthKumar,MugunthKumar/CurlNSMutableURLRequestDemo,2013-07-26T04:49:58Z,22,22,Objective-C,True,True,
MugunthKumar,MugunthKumar/MKHorizMenuDemo,2011-04-26T04:40:09Z,258,258,Objective-C,True,True,
MugunthKumar,MugunthKumar/MKBlockTimer,2013-04-04T14:03:26Z,107,107,Objective-C,True,True,
MugunthKumar,MugunthKumar/AHAlertView,2013-01-29T10:59:40Z,8,8,Objective-C,True,True,mit
MugunthKumar,MugunthKumar/MKInfoPanelDemo,2012-03-02T12:52:33Z,192,192,Objective-C,True,True,
tseemann,tseemann/tseemann.github.io,2014-03-26T07:04:52Z,8,8,HTML,True,False,
tseemann,tseemann/snippy,2014-05-15T01:56:12Z,474,474,Perl,True,True,gpl-2.0
tseemann,tseemann/scripts,2024-07-15T22:36:53Z,16,16,Perl,True,True,mit
tseemann,tseemann/samclip,2018-04-01T01:39:03Z,46,46,Perl,True,True,gpl-3.0
tseemann,tseemann/prokka,2014-03-26T07:19:23Z,833,833,Perl,True,True,
tseemann,tseemann/nullarbor,2015-01-08T00:13:42Z,136,136,Perl,True,True,gpl-2.0
tseemann,tseemann/snp-dists,2017-08-19T08:16:01Z,127,127,C,False,False,gpl-3.0
tseemann,tseemann/abricate,2014-07-17T00:59:35Z,366,366,Perl,True,True,gpl-2.0
tseemann,tseemann/cgmlst-dists,2020-03-02T04:19:36Z,26,26,C,True,True,gpl-3.0
tseemann,tseemann/barrnap,2013-08-03T08:25:45Z,224,224,Perl,True,True,gpl-3.0
tseemann,tseemann/snasm,2023-04-16T00:02:15Z,7,7,Perl,True,True,gpl-3.0
tseemann,tseemann/gbk2bcfgff,2023-04-08T22:12:46Z,2,2,,True,True,gpl-3.0
tseemann,tseemann/wombac,2014-07-22T04:25:46Z,7,7,Perl,True,True,gpl-2.0
tseemann,tseemann/shovill,2016-09-05T23:50:20Z,212,212,Perl,True,True,gpl-3.0
tseemann,tseemann/mlst,2014-05-03T09:12:11Z,198,198,Shell,True,True,gpl-2.0
tseemann,tseemann/VelvetOptimiser,2012-06-06T05:54:27Z,47,47,Perl,True,True,gpl-2.0
tseemann,tseemann/any2fasta,2018-10-09T06:11:04Z,127,127,Perl,True,True,gpl-3.0
tseemann,tseemann/klosham,2022-04-03T22:16:16Z,6,6,C,True,True,gpl-3.0
tseemann,tseemann/legsta,2016-05-06T06:51:35Z,7,7,Perl,True,True,gpl-3.0
tseemann,tseemann/anthrakks,2021-09-02T03:51:01Z,3,3,,True,True,gpl-3.0
tseemann,tseemann/ragnarokka,2021-06-21T23:33:37Z,5,5,,True,True,gpl-3.0
tseemann,tseemann/iupak,2021-06-17T23:24:23Z,0,0,,True,True,gpl-3.0
tseemann,tseemann/vikka,2021-06-16T09:20:30Z,1,1,,True,True,gpl-3.0
tseemann,tseemann/govaluate,2021-06-12T08:14:46Z,0,0,,True,True,mit
tseemann,tseemann/heterik,2021-03-23T00:25:58Z,4,4,,True,True,gpl-3.0
tseemann,tseemann/snp-sites,2017-09-27T08:01:15Z,5,5,C,True,True,other
tseemann,tseemann/kurra,2020-12-08T03:11:27Z,4,4,,True,True,gpl-3.0
tseemann,tseemann/varion,2020-09-16T21:25:34Z,5,5,,True,True,gpl-3.0
tseemann,tseemann/homebrew-bio,2018-01-15T00:46:52Z,0,0,Ruby,True,True,other
tseemann,tseemann/kopynumba,2020-08-13T08:25:09Z,6,6,,True,True,gpl-3.0
loftwah,loftwah/linkarooie-upptime,2024-09-12T02:51:32Z,0,0,Markdown,True,True,mit
loftwah,loftwah/blog,2024-10-24T04:51:56Z,1,1,Astro,True,True,mit
loftwah,loftwah/linkarooie,2023-08-31T10:57:01Z,26,26,Ruby,False,False,mit
loftwah,loftwah/kamal-github-actions,2024-10-16T12:28:14Z,1,1,,True,False,mit
loftwah,loftwah/grabitsh,2024-08-31T04:51:35Z,4,4,Go,False,False,mit
loftwah,loftwah/memchad,2024-08-20T08:40:59Z,3,3,Shell,False,False,mit
loftwah,loftwah/flight-seat,2024-07-17T12:23:25Z,0,0,HTML,False,False,mit
loftwah,loftwah/htmxtodo,2024-04-06T08:37:46Z,0,0,HTML,True,True,mit
loftwah,loftwah/brandsync,2024-03-17T08:55:08Z,1,1,,True,True,mit
loftwah,loftwah/loftwah,2020-08-24T14:51:04Z,2,2,,False,False,mit
loftwah,loftwah/buildkite,2024-02-06T04:27:45Z,1,1,Ruby,True,True,mit
loftwah,loftwah/feetchair_demo,2024-02-17T08:51:03Z,1,1,Ruby,True,True,mit
loftwah,loftwah/loftwahs-cheatsheet,2022-01-24T04:04:22Z,40,40,,False,False,
loftwah,loftwah/jizzmalflow,2024-02-15T08:13:34Z,3,3,TypeScript,True,True,mit
loftwah,loftwah/terraform_cert,2024-02-06T04:29:22Z,2,2,,True,True,mit
loftwah,loftwah/complisight,2024-02-06T04:28:29Z,12,12,Shell,False,False,other
loftwah,loftwah/gallerygrid,2023-12-27T07:21:21Z,2,2,TypeScript,False,False,
loftwah,loftwah/echo-playground,2023-11-17T01:56:59Z,6,6,Go,False,False,mit
loftwah,loftwah/tech-101,2023-02-07T05:41:24Z,21,21,Ruby,False,False,mit
loftwah,loftwah/1on1-automation,2022-04-19T23:50:06Z,5,5,Go,False,False,mit
loftwah,loftwah/PTSD_prompts,2023-11-02T00:26:19Z,1,1,,True,True,mit
loftwah,loftwah/ResqueDemo,2023-11-01T01:27:18Z,1,1,Ruby,True,True,
loftwah,loftwah/discord_bot,2023-10-31T04:44:39Z,1,1,,True,True,
loftwah,loftwah/open-source-practice,2023-10-17T09:53:09Z,1,1,,True,False,mit
loftwah,loftwah/drivegit,2023-08-24T08:13:22Z,5,5,Ruby,False,False,mit
loftwah,loftwah/linux-for-pirates,2022-12-21T10:51:25Z,136,136,,False,False,mit
loftwah,loftwah/1176013,2023-01-17T08:17:20Z,1,1,,False,False,mit
loftwah,loftwah/linkfree-qr-code,2023-08-19T01:22:57Z,2,2,HTML,False,False,mit
loftwah,loftwah/rails-demo,2023-08-18T05:50:52Z,1,1,Ruby,True,True,mit
loftwah,loftwah/agent-aws-stack,2023-08-16T02:19:48Z,1,1,JavaScript,True,True,
rogerclarkmelbourne,rogerclarkmelbourne/Arduino_STM32,2014-10-30T00:09:14Z,2533,2533,C,True,True,other
rogerclarkmelbourne,rogerclarkmelbourne/STM32duino-bootloader,2015-05-15T23:41:50Z,973,973,C,True,True,
rogerclarkmelbourne,rogerclarkmelbourne/uv-k5-firmware,2023-09-11T06:28:51Z,2,2,,True,True,apache-2.0
rogerclarkmelbourne,rogerclarkmelbourne/dp32g030-flash-loader,2023-09-11T06:47:21Z,0,0,,True,True,apache-2.0
rogerclarkmelbourne,rogerclarkmelbourne/FT8CN,2023-02-26T05:36:37Z,1,1,Java,True,True,mit
rogerclarkmelbourne,rogerclarkmelbourne/usdx,2023-01-31T10:23:51Z,2,2,,True,False,
rogerclarkmelbourne,rogerclarkmelbourne/Pocket_FT8,2023-01-31T05:49:54Z,2,2,,True,True,mit
rogerclarkmelbourne,rogerclarkmelbourne/DroidStar,2021-11-15T22:21:49Z,1,1,,True,False,
rogerclarkmelbourne,rogerclarkmelbourne/vocoder_plugin,2021-11-15T22:21:03Z,11,11,,True,True,
rogerclarkmelbourne,rogerclarkmelbourne/md380IndexedUserDB,2021-10-07T22:52:59Z,0,0,,True,True,
rogerclarkmelbourne,rogerclarkmelbourne/Pocket-FT8-2,2023-01-31T05:53:29Z,1,1,,True,True,
rogerclarkmelbourne,rogerclarkmelbourne/wsjt_transceiver,2023-01-31T05:52:26Z,1,1,,True,True,gpl-3.0
rogerclarkmelbourne,rogerclarkmelbourne/WS2812B_STM32_Libmaple,2017-06-11T04:10:39Z,69,69,C++,True,True,
rogerclarkmelbourne,rogerclarkmelbourne/STM32_Pill_Boards,2017-09-29T09:22:25Z,48,48,HTML,True,True,
jxom,jxom/odyssey,2024-10-21T22:21:37Z,0,0,,True,False,apache-2.0
jxom,jxom/smart-eoa,2024-10-19T02:43:55Z,2,2,TypeScript,True,True,
jxom,jxom/chains,2024-10-17T02:06:00Z,1,1,,True,False,mit
jxom,jxom/query,2024-09-07T22:59:33Z,0,0,,True,False,mit
jxom,jxom/coinbase-wallet-sdk,2024-10-06T20:47:47Z,0,0,,True,False,mit
jxom,jxom/viem-cbw-p256,2024-09-17T01:43:14Z,3,3,TypeScript,True,True,
jxom,jxom/viem-permissionless-zerodev-bug,2024-09-14T09:21:11Z,1,1,TypeScript,True,True,
jxom,jxom/coinbase-sdk-nodejs,2024-08-10T07:09:07Z,0,0,,True,False,other
jxom,jxom/raycast-extensions,2024-08-07T02:33:27Z,1,1,,True,False,mit
jxom,jxom/js,2024-03-07T19:42:49Z,1,1,,True,False,apache-2.0
jxom,jxom/docs-v2,2024-05-26T03:56:02Z,0,0,MDX,True,True,
jxom,jxom/awesome-react-headless-components,2018-07-02T12:35:13Z,1027,1027,,True,True,
jxom,jxom/ERCs,2024-06-14T01:25:51Z,0,0,,True,False,cc0-1.0
jxom,jxom/metamask-docs,2024-05-20T06:59:12Z,1,1,,True,False,apache-2.0
jxom,jxom/tokenami,2024-05-16T02:17:16Z,0,0,,True,False,mit
jxom,jxom/vite,2024-05-11T06:23:45Z,0,0,,True,False,mit
jxom,jxom/vocs-import-repro,2024-05-11T05:52:36Z,0,0,TypeScript,True,True,
jxom,jxom/alphanet,2024-05-03T06:08:20Z,0,0,,True,True,apache-2.0
jxom,jxom/foundry-alphanet,2024-04-29T02:03:48Z,0,0,Shell,True,True,apache-2.0
jxom,jxom/evm-inspectors,2024-05-02T23:33:10Z,0,0,,True,False,apache-2.0
jxom,jxom/foundry-toolchain-3074,2024-04-28T23:40:23Z,0,0,JavaScript,True,False,apache-2.0
jxom,jxom/siwe-aabstractor,2024-04-04T22:05:30Z,1,1,,True,False,
jxom,jxom/give-storage,2024-03-06T11:23:39Z,0,0,,True,False,
jxom,jxom/frog-next-repro,2024-02-28T22:07:13Z,0,0,CSS,True,True,
jxom,jxom/f,2024-02-20T01:56:19Z,0,0,CSS,True,True,
jxom,jxom/vite-plugins,2024-02-18T21:44:28Z,0,0,,True,False,
jxom,jxom/hono-react-jsx-repro,2024-02-17T05:27:11Z,1,1,CSS,True,True,
jxom,jxom/.github,2022-12-12T23:42:53Z,0,0,,True,True,
jxom,jxom/shikiji,2024-01-15T23:43:25Z,0,0,,True,True,mit
jxom,jxom/core,2024-01-18T23:50:42Z,0,0,,True,False,apache-2.0
rrwick,rrwick/rrwick.github.io,2022-12-21T03:56:58Z,1,1,SCSS,True,True,
rrwick,rrwick/all2vcf,2024-10-07T01:23:41Z,5,5,Python,True,True,gpl-3.0
rrwick,rrwick/Core-SNP-filter,2023-03-24T03:20:59Z,36,36,Rust,True,True,gpl-3.0
rrwick,rrwick/Unicycler,2016-03-14T06:57:02Z,564,564,C++,False,True,gpl-3.0
rrwick,rrwick/Badread,2018-06-04T07:03:29Z,169,169,Python,True,True,gpl-3.0
rrwick,rrwick/ONT-assembler-benchmark,2024-07-18T01:22:33Z,5,5,Python,True,True,gpl-3.0
rrwick,rrwick/Perfect-bacterial-genome-tutorial,2022-09-08T04:03:46Z,119,119,Python,True,True,
rrwick,rrwick/Polypolish,2021-03-24T02:36:35Z,143,143,Rust,False,True,gpl-3.0
rrwick,rrwick/Trycycler,2020-01-08T05:58:52Z,307,307,Python,False,True,gpl-3.0
rrwick,rrwick/Porechop,2017-02-13T04:20:00Z,338,338,C++,True,True,gpl-3.0
rrwick,rrwick/pypolca,2024-01-12T00:40:13Z,2,2,Python,True,False,mit
rrwick,rrwick/Circular-Contig-Extractor,2024-01-08T05:01:49Z,8,8,Python,True,False,gpl-3.0
rrwick,rrwick/Verticall,2022-01-30T03:26:52Z,56,56,Python,True,True,gpl-3.0
rrwick,rrwick/Metagenomics-Index-Correction,2019-01-18T02:11:01Z,78,78,Python,True,True,gpl-3.0
rrwick,rrwick/Assembly-Dereplicator,2019-08-08T11:49:53Z,68,68,Python,True,True,gpl-3.0
rrwick,rrwick/Filtlong,2017-07-25T04:22:25Z,288,288,C++,True,True,gpl-3.0
rrwick,rrwick/Bugraft,2015-04-06T08:27:56Z,2,2,C++,True,True,gpl-3.0
rrwick,rrwick/Compare-annotations,2019-04-16T08:08:08Z,20,20,Python,True,True,gpl-3.0
rrwick,rrwick/GFA-dead-end-counter,2023-02-15T21:34:48Z,9,9,Rust,True,True,gpl-3.0
rrwick,rrwick/medaka,2023-01-31T00:39:56Z,0,0,,True,False,other
rrwick,rrwick/Bandage,2015-02-14T14:12:16Z,586,586,C++,True,True,gpl-3.0
rrwick,rrwick/Polypolish-paper,2021-09-27T03:42:56Z,1,1,Python,True,True,gpl-3.0
rrwick,rrwick/Klebsiella-assembly-species,2018-01-12T05:01:05Z,9,9,Python,True,True,gpl-3.0
rrwick,rrwick/Bacsort,2018-02-08T03:18:09Z,76,76,Python,False,True,gpl-3.0
rrwick,rrwick/IDBA-to-GFA,2017-06-28T04:17:46Z,3,3,Python,True,True,gpl-3.0
rrwick,rrwick/Langtons-Ant-Animator,2016-02-08T03:46:08Z,8,8,C++,True,True,gpl-3.0
rrwick,rrwick/Small-plasmid-Nanopore,2020-09-29T00:13:46Z,11,11,Python,True,True,gpl-3.0
rrwick,rrwick/Trycycler-paper,2021-03-12T05:48:16Z,3,3,Python,True,True,gpl-3.0
rrwick,rrwick/Rebaler,2017-09-19T00:21:42Z,47,47,Python,False,False,gpl-3.0
rrwick,rrwick/Minipolish,2019-10-08T02:26:33Z,73,73,Python,True,True,gpl-3.0
abruzzi,abruzzi/cra-template-atlaskit-simple,2021-03-24T12:34:02Z,1,1,TypeScript,True,True,
abruzzi,abruzzi/refactoring-with-codemods,2024-09-14T11:14:06Z,1,1,,True,True,
abruzzi,abruzzi/activity-chart,2024-10-12T00:34:07Z,0,0,TypeScript,True,True,
abruzzi,abruzzi/next-saas-starter,2024-09-18T11:06:15Z,0,0,,True,False,
abruzzi,abruzzi/todo-system-design-in-action,2024-08-25T06:42:33Z,0,0,JavaScript,True,True,
abruzzi,abruzzi/codemod-target,2024-08-09T04:58:33Z,0,0,JavaScript,True,True,
abruzzi,abruzzi/codemod-101,2024-07-06T06:43:46Z,0,0,JavaScript,True,True,
abruzzi,abruzzi/pdnd-demo,2024-08-05T10:56:42Z,1,1,TypeScript,True,True,
abruzzi,abruzzi/board-server-graphql,2024-07-17T03:38:56Z,0,0,TypeScript,True,True,
abruzzi,abruzzi/fellow,2024-07-17T12:21:25Z,0,0,TypeScript,True,True,
abruzzi,abruzzi/code-beauty,2024-07-08T11:51:28Z,0,0,JavaScript,True,True,
abruzzi,abruzzi/data-fetching-patterns-in-react,2024-03-13T10:17:41Z,3,3,HTML,True,True,
abruzzi,abruzzi/codemod-demo,2020-08-14T06:58:56Z,0,0,TypeScript,True,True,
abruzzi,abruzzi/icodeit-next,2023-12-19T09:12:57Z,0,0,MDX,True,True,
abruzzi,abruzzi/the-pragmatic-developer,2024-05-21T11:25:01Z,0,0,TypeScript,True,True,
abruzzi,abruzzi/react-network-advanced-client-side,2024-03-29T23:50:04Z,35,35,TypeScript,True,True,
abruzzi,abruzzi/tw-skeleton-tutorial,2024-01-18T09:00:13Z,0,0,TypeScript,True,True,
abruzzi,abruzzi/mock-server-network-react-tutorial,2024-01-08T06:58:36Z,2,2,JavaScript,True,True,
abruzzi,abruzzi/react-network-advanced-next,2024-01-08T06:56:40Z,0,0,TypeScript,True,True,
abruzzi,abruzzi/next-network-tutorial,2024-01-01T05:06:55Z,0,0,TypeScript,True,True,
abruzzi,abruzzi/icodeit.com.au,2022-09-10T02:54:37Z,0,0,HTML,True,True,
abruzzi,abruzzi/nextjs-dashboard-demo,2023-12-17T01:02:43Z,0,0,TypeScript,True,True,
abruzzi,abruzzi/system-design-interview-fe,2023-12-12T09:14:27Z,18,18,,True,True,
abruzzi,abruzzi/es-import-operator,2023-12-10T10:28:30Z,0,0,JavaScript,True,True,
abruzzi,abruzzi/async-loading-parcel-demo,2023-12-09T10:52:59Z,0,0,JavaScript,True,True,
abruzzi,abruzzi/babel-plugin-annotation-in-comments,2023-12-04T11:07:09Z,0,0,JavaScript,True,True,
abruzzi,abruzzi/react-anti-patterns-code,2023-06-02T01:16:08Z,0,0,TypeScript,True,True,
abruzzi,abruzzi/react-application-patterns,2023-11-14T22:15:42Z,0,0,TypeScript,True,True,
abruzzi,abruzzi/code-oven,2023-08-12T09:00:50Z,1,1,TypeScript,True,True,
abruzzi,abruzzi/tdd-weather,2023-01-25T06:17:51Z,2,2,TypeScript,True,True,
kitsonk,kitsonk/deno_std,2021-02-04T01:20:07Z,0,0,TypeScript,True,False,mit
kitsonk,kitsonk/kitsonk,2024-10-24T20:55:14Z,0,0,,True,True,
kitsonk,kitsonk/deno,2018-05-31T03:58:34Z,1,1,Rust,False,False,mit
kitsonk,kitsonk/kv-toolbox,2023-05-09T09:44:38Z,66,66,TypeScript,True,True,mit
kitsonk,kitsonk/kview-website,2024-03-19T21:37:10Z,1,1,TypeScript,True,True,mit
kitsonk,kitsonk/kview,2023-09-10T09:26:49Z,70,70,TypeScript,False,True,mit
kitsonk,kitsonk/svg-minify,2024-10-14T01:24:54Z,0,0,TypeScript,True,True,mit
kitsonk,kitsonk/xhr,2021-07-02T03:46:31Z,25,25,TypeScript,False,True,mit
kitsonk,kitsonk/fresh,2022-08-12T03:21:12Z,0,0,TypeScript,True,False,mit
kitsonk,kitsonk/import_map,2021-09-25T21:43:03Z,0,0,Rust,True,True,mit
kitsonk,kitsonk/deno_emit,2022-05-18T23:42:26Z,0,0,TypeScript,True,True,mit
kitsonk,kitsonk/docland,2021-12-03T11:22:31Z,0,0,TypeScript,True,False,mit
kitsonk,kitsonk/deno-gfm,2023-02-01T02:12:27Z,0,0,TypeScript,True,True,mit
kitsonk,kitsonk/deno_doc,2020-09-23T07:46:03Z,0,0,Rust,True,False,mit
kitsonk,kitsonk/google-datastore,2022-05-16T11:09:33Z,4,4,TypeScript,True,True,mit
kitsonk,kitsonk/logtape,2024-07-01T08:52:47Z,1,1,,True,False,mit
kitsonk,kitsonk/oak-website,2024-06-01T10:26:05Z,0,0,TypeScript,True,True,
kitsonk,kitsonk/ga4,2024-05-19T05:02:05Z,1,1,TypeScript,True,True,mit
kitsonk,kitsonk/vscode_deno,2020-11-12T07:06:18Z,0,0,TypeScript,True,False,mit
kitsonk,kitsonk/fresh_charts,2022-11-29T04:34:27Z,0,0,TypeScript,True,True,mit
kitsonk,kitsonk/homepage,2022-12-22T04:56:40Z,3,3,TypeScript,True,True,
kitsonk,kitsonk/deno_graph,2021-08-11T05:54:20Z,0,0,Rust,True,True,mit
kitsonk,kitsonk/deno_lint,2020-07-31T20:44:58Z,0,0,Rust,True,True,mit
kitsonk,kitsonk/markdown_records,2022-08-29T01:59:46Z,1,1,Rust,True,True,mit
kitsonk,kitsonk/resvg-wasm,2021-11-29T22:35:37Z,14,14,JavaScript,True,True,mit
kitsonk,kitsonk/deno-on-the-edge,2022-06-08T01:43:09Z,3,3,TypeScript,True,True,mit
kitsonk,kitsonk/deno_docker,2021-09-22T02:02:41Z,1,1,Dockerfile,True,False,mit
kitsonk,kitsonk/deno-gcp-admin,2022-05-12T03:28:01Z,1,1,TypeScript,True,True,mit
kitsonk,kitsonk/dom_examples,2022-03-30T07:51:32Z,8,8,HTML,True,True,
kitsonk,kitsonk/kitsonkelly.com,2012-05-27T08:46:39Z,12,12,HTML,True,True,
mattgallagher,mattgallagher/CwlPreconditionTesting,2016-02-02T09:22:10Z,175,175,Swift,True,True,isc
mattgallagher,mattgallagher/CwlCatchException,2016-01-13T08:56:47Z,19,19,Swift,True,True,isc
mattgallagher,mattgallagher/SignalR-Client-Swift,2022-06-09T03:22:39Z,0,0,Swift,True,True,mit
mattgallagher,mattgallagher/CwlSignal,2016-12-02T14:02:22Z,304,304,Swift,True,True,isc
mattgallagher,mattgallagher/CwlUtils,2016-02-29T02:31:52Z,617,617,Swift,True,True,other
mattgallagher,mattgallagher/CwlFeedReader,2020-12-31T11:54:11Z,35,35,Swift,True,True,
mattgallagher,mattgallagher/CwlDemangle,2016-05-01T01:58:31Z,121,121,Swift,True,True,
mattgallagher,mattgallagher/CombineExploration,2019-08-19T10:47:57Z,105,105,Swift,True,True,isc
mattgallagher,mattgallagher/CwlViews,2019-04-28T00:14:49Z,168,168,Swift,True,True,isc
mattgallagher,mattgallagher/AudioStreamer,2009-06-17T00:30:27Z,1938,1938,Objective-C,True,True,
mattgallagher,mattgallagher/CocoaWithLovePlaygrounds,2017-06-22T03:57:11Z,89,89,Swift,True,True,isc
mattgallagher,mattgallagher/Clocks,2017-08-28T00:17:01Z,103,103,Swift,True,True,
mattgallagher,mattgallagher/CwlWhitespace,2016-06-28T05:50:48Z,26,26,Swift,True,True,
mattgallagher,mattgallagher/CwlWorstPossibleApplication,2017-10-22T00:31:02Z,19,19,Swift,True,True,
mattgallagher,mattgallagher/Mines,2017-01-12T04:51:07Z,31,31,C++,True,True,isc
mattgallagher,mattgallagher/Playgrounds2017,2017-03-07T01:38:02Z,6,6,Swift,True,True,isc
sidorares,sidorares/node-mysql2,2013-04-17T05:23:59Z,4064,4064,JavaScript,True,True,mit
sidorares,sidorares/kotja.design,2024-08-09T04:14:53Z,0,0,CSS,True,False,
sidorares,sidorares/hrserve,2024-09-06T10:05:52Z,0,0,JavaScript,True,False,mit
sidorares,sidorares/node-x11,2011-06-07T04:03:20Z,518,518,JavaScript,True,True,mit
sidorares,sidorares/json-bigint,2013-09-12T04:31:47Z,812,812,JavaScript,True,True,mit
sidorares,sidorares/dbus-native,2012-08-16T05:37:06Z,259,259,JavaScript,True,True,other
sidorares,sidorares/hot-module-replacement,2017-06-20T00:09:47Z,56,56,JavaScript,True,True,mit
sidorares,sidorares/crmux,2013-10-07T09:44:46Z,123,123,JavaScript,True,True,mit
sidorares,sidorares/mysql-osquery-proxy,2015-04-30T02:43:37Z,16,16,JavaScript,True,True,
sidorares,sidorares/yandex-translate,2013-03-20T00:58:30Z,30,30,JavaScript,True,True,
sidorares,sidorares/crconsole,2013-09-23T05:23:51Z,262,262,JavaScript,True,True,mit
sidorares,sidorares/node-auth0,2023-09-17T05:08:57Z,1,1,,True,False,mit
sidorares,sidorares/andreysidorov.com,2016-01-27T22:40:36Z,1,1,HTML,True,True,
sidorares,sidorares/node-urun,2017-05-28T07:51:29Z,0,0,JavaScript,True,True,
sidorares,sidorares/webpubsub-local,2022-11-22T07:09:02Z,1,1,JavaScript,True,True,mit
sidorares,sidorares/nierika,2017-02-03T00:14:53Z,12,12,JavaScript,True,True,mit
sidorares,sidorares/node-rfb2,2013-02-06T02:15:47Z,139,139,JavaScript,True,True,mit
sidorares,sidorares/http-nodejs,2023-02-23T08:04:00Z,1,1,JavaScript,True,True,
sidorares,sidorares/Browserless,2023-02-23T07:54:18Z,1,1,Dockerfile,True,True,
sidorares,sidorares/linear-cli,2024-10-24T02:47:32Z,0,0,,True,True,
sidorares,sidorares/compare-energy-rates,2022-07-16T01:44:34Z,1,1,,True,True,mit
sidorares,sidorares/netlify-test,2019-11-09T12:51:09Z,1,1,HTML,True,True,
sidorares,sidorares/react-x11,2015-11-11T02:49:01Z,240,240,JavaScript,True,True,mit
sidorares,sidorares/mfe-version-resolver,2022-01-19T02:19:09Z,1,1,JavaScript,True,True,
sidorares,sidorares/spa-github-pages,2022-01-13T12:24:09Z,1,1,,True,False,mit
sidorares,sidorares/mysql-client-benchmarks,2021-10-07T09:19:04Z,1,1,JavaScript,True,True,
sidorares,sidorares/osquery-node,2015-04-30T10:52:56Z,31,31,JavaScript,True,True,
sidorares,sidorares/node-i3,2013-10-10T13:16:46Z,32,32,JavaScript,True,True,mit
sidorares,sidorares/pugify,2013-08-28T06:47:04Z,41,41,JavaScript,True,True,mit
sidorares,sidorares/node-wrk,2014-01-08T05:00:18Z,82,82,JavaScript,True,True,mit
benschwarz,benschwarz/chrome-har,2024-07-04T01:39:38Z,0,0,,True,True,mit
benschwarz,benschwarz/Ruby-Retreat-2024,2024-06-04T00:50:17Z,0,0,,True,True,
benschwarz,benschwarz/recharts.org,2024-04-12T00:56:08Z,0,0,,True,True,mit
benschwarz,benschwarz/benschwarz,2021-03-06T03:27:13Z,2,2,,True,True,
benschwarz,benschwarz/third-party-web,2019-08-12T02:31:53Z,0,0,JavaScript,True,True,mit
benschwarz,benschwarz/performance-psi-tracker,2023-09-20T22:25:27Z,0,0,,True,False,apache-2.0
benschwarz,benschwarz/marked-terminal,2023-09-13T00:37:57Z,1,1,,True,True,mit
benschwarz,benschwarz/lighthouse,2017-05-01T13:04:22Z,0,0,JavaScript,True,False,apache-2.0
benschwarz,benschwarz/amnesia,2009-02-07T15:01:59Z,177,177,Ruby,True,True,mit
benschwarz,benschwarz/gallery-css,2013-03-14T11:47:02Z,1135,1135,CSS,True,False,mit
benschwarz,benschwarz/next.js,2019-09-22T03:38:10Z,0,0,,True,True,mit
benschwarz,benschwarz/web.dev,2021-02-06T07:27:04Z,0,0,,True,True,other
benschwarz,benschwarz/currency.io,2010-08-01T14:05:53Z,294,294,JavaScript,True,False,
benschwarz,benschwarz/perf-tooling,2015-01-01T23:09:49Z,1,1,JavaScript,True,True,
benschwarz,benschwarz/reactjs.org,2018-06-25T23:14:14Z,0,0,JavaScript,True,True,cc-by-4.0
benschwarz,benschwarz/force,2019-10-25T06:43:09Z,0,0,,True,True,mit
benschwarz,benschwarz/font-display-demo,2019-05-13T03:56:33Z,0,0,HTML,True,True,
benschwarz,benschwarz/mxstbr.com,2019-09-22T03:51:57Z,0,0,,True,False,
benschwarz,benschwarz/docs,2018-11-22T04:01:29Z,0,0,HTML,True,False,mit
benschwarz,benschwarz/stencil-site,2018-11-16T08:23:17Z,0,0,TypeScript,True,True,mit
benschwarz,benschwarz/mdx-docs,2018-11-17T07:26:36Z,0,0,JavaScript,True,False,mit
benschwarz,benschwarz/Front-End-Performance-Checklist,2018-07-24T04:40:03Z,0,0,,True,True,mit
benschwarz,benschwarz/lstoll.exposed,2014-05-30T23:02:16Z,0,0,,True,False,
benschwarz,benschwarz/heroku-electron-buildpack,2016-04-15T23:06:41Z,20,20,Shell,True,True,
benschwarz,benschwarz/gifcity,2012-12-07T04:29:56Z,9,9,JavaScript,True,True,
benschwarz,benschwarz/dotfiles-1,2018-08-06T03:49:59Z,0,0,Shell,True,True,
benschwarz,benschwarz/puppeteer,2017-12-09T06:11:00Z,0,0,JavaScript,True,False,apache-2.0
benschwarz,benschwarz/registry,2009-11-30T12:33:23Z,11,11,Ruby,True,True,mit
benschwarz,benschwarz/chrome-request-interception,2017-07-03T05:10:35Z,9,9,JavaScript,True,True,
benschwarz,benschwarz/developers.whatwg.org,2011-01-06T06:54:59Z,198,198,,True,True,
philnash,philnash/talks,2023-06-08T05:30:34Z,0,0,HTML,True,True,
philnash,philnash/embedJs,2024-04-30T04:25:23Z,0,0,TypeScript,True,False,apache-2.0
philnash,philnash/genkit,2024-09-04T09:52:30Z,0,0,TypeScript,True,False,apache-2.0
philnash,philnash/philna.sh,2016-05-10T09:26:04Z,36,36,Astro,True,False,other
philnash,philnash/rag-with-gemini,2024-09-30T06:13:54Z,0,0,JavaScript,False,False,mit
philnash,philnash/langflow_chat_api,2024-09-24T16:35:28Z,0,0,TypeScript,True,True,
philnash,philnash/langflow,2024-09-23T09:22:02Z,0,0,,True,True,mit
philnash,philnash/how-to-genai,2024-07-13T01:16:09Z,0,0,JavaScript,True,True,mit
philnash,philnash/slide-design,2023-05-30T11:53:51Z,0,0,JavaScript,True,True,mit
philnash,philnash/LlamaIndexTS,2024-08-23T01:31:59Z,0,0,TypeScript,True,False,mit
philnash,philnash/chunkers,2024-08-19T23:43:28Z,1,1,TypeScript,False,False,mit
philnash,philnash/fetch-streaming,2024-07-31T04:51:08Z,0,0,JavaScript,True,True,mit
philnash,philnash/philnash,2020-07-09T03:37:41Z,2,2,JavaScript,False,False,mit
philnash,philnash/astra-db-ts,2024-08-12T06:34:03Z,0,0,,True,True,apache-2.0
philnash,philnash/movies_plus_plus,2024-06-29T17:03:53Z,0,0,,True,True,
philnash,philnash/colbert-demo,2024-06-25T22:01:59Z,2,2,Python,True,True,mit
philnash,philnash/resend-js,2023-07-15T09:16:22Z,1,1,TypeScript,True,True,mit
philnash,philnash/bsky-bot,2023-04-30T02:55:05Z,62,62,TypeScript,False,False,mit
philnash,philnash/pwned,2018-03-05T12:43:36Z,424,424,Ruby,False,False,mit
philnash,philnash/SwiftieGPT,2023-12-22T16:17:58Z,1,1,,True,True,
philnash,philnash/advent-of-code,2017-12-01T21:50:08Z,4,4,Crystal,False,False,mit
philnash,philnash/astro-components,2023-04-27T12:48:10Z,22,22,Astro,False,False,mit
philnash,philnash/bitly,2009-01-20T23:40:41Z,451,451,Ruby,False,False,mit
philnash,philnash/HTMHell,2023-11-05T22:46:18Z,0,0,,True,True,mit
philnash,philnash/unnecessary-view-transitions,2023-11-15T15:10:53Z,2,2,Nunjucks,True,True,mit
philnash,philnash/code100,2023-09-01T02:09:05Z,0,0,JavaScript,True,True,
philnash,philnash/twilio-video-svelte,2019-12-01T06:00:47Z,21,21,Svelte,True,True,mit
philnash,philnash/node,2023-05-08T07:11:26Z,0,0,JavaScript,True,False,other
philnash,philnash/jekyll-brotli,2018-01-03T08:39:33Z,18,18,Ruby,True,True,mit
philnash,philnash/regexp-timer,2023-09-19T05:11:38Z,0,0,HTML,False,False,mit
Viralmaniar,Viralmaniar/ThreatHuntSamples,2024-08-15T00:13:05Z,2,2,Jupyter Notebook,True,True,
Viralmaniar,Viralmaniar/viralmaniar.github.io,2019-06-22T12:47:53Z,2,2,JavaScript,True,True,mit
Viralmaniar,Viralmaniar/HandyScripts,2024-05-23T08:06:19Z,0,0,PowerShell,True,True,
Viralmaniar,Viralmaniar/PwnageGuardian,2024-05-14T02:22:57Z,0,0,,True,True,
Viralmaniar,Viralmaniar/MurMurHash,2021-04-27T11:33:29Z,115,115,Python,True,True,mit
Viralmaniar,Viralmaniar/ThreatPatrol,2023-04-17T09:09:18Z,0,0,,True,True,mit
Viralmaniar,Viralmaniar/ReverseShell,2023-06-12T11:59:39Z,0,0,,True,True,
Viralmaniar,Viralmaniar/Powershell-RAT,2018-03-15T01:51:08Z,1056,1056,Python,True,True,
Viralmaniar,Viralmaniar/DDWPasteRecon,2022-01-18T12:07:02Z,37,37,C#,True,True,
Viralmaniar,Viralmaniar/Pentest-Payloads,2020-09-20T12:36:37Z,2,2,,True,True,
Viralmaniar,Viralmaniar/BigBountyRecon,2021-01-10T03:35:59Z,1226,1226,C#,True,True,mit
Viralmaniar,Viralmaniar/Viralmaniar,2020-08-21T04:26:57Z,6,6,,True,True,
Viralmaniar,Viralmaniar/Phirautee,2020-04-11T05:59:10Z,117,117,PowerShell,True,True,mit
Viralmaniar,Viralmaniar/HiveJack,2020-04-19T08:59:00Z,109,109,C#,True,True,mit
Viralmaniar,Viralmaniar/XposedOrNot,2020-01-05T07:47:18Z,139,139,Python,True,True,
Viralmaniar,Viralmaniar/Pentest-Stuff,2015-03-12T10:25:38Z,11,11,DIGITAL Command Language,True,True,apache-2.0
Viralmaniar,Viralmaniar/PeekABoo,2019-04-22T11:21:38Z,131,131,Python,True,True,
Viralmaniar,Viralmaniar/I-See-You,2019-03-30T04:04:24Z,817,817,Shell,True,True,
Viralmaniar,Viralmaniar/Passhunt,2018-01-14T04:59:23Z,1186,1186,Python,True,True,gpl-3.0
Viralmaniar,Viralmaniar/SMWYG-Show-Me-What-You-Got,2018-11-07T12:44:54Z,437,437,Python,True,True,gpl-3.0
Viralmaniar,Viralmaniar/Remote-Desktop-Caching-,2018-07-29T12:40:18Z,208,208,Python,True,True,
Viralmaniar,Viralmaniar/Guided-Access-Mode-Bypass,2018-04-13T14:58:18Z,19,19,,True,True,
Viralmaniar,Viralmaniar/Flubber-Ducky,2018-02-19T03:35:09Z,2,2,,True,True,
Viralmaniar,Viralmaniar/In-Spectre-Meltdown,2018-01-05T09:43:04Z,93,93,Python,True,True,gpl-3.0
Viralmaniar,Viralmaniar/Wifi-Dumper,2016-12-18T00:33:29Z,272,272,Python,True,True,
Viralmaniar,Viralmaniar/securedorg.github.io,2017-08-28T05:23:42Z,1,1,HTML,True,True,
Viralmaniar,Viralmaniar/cmd.jsp,2019-07-24T06:50:03Z,2,2,Java,True,True,gpl-3.0
Viralmaniar,Viralmaniar/tbhm,2017-04-22T12:02:47Z,4,4,,True,True,
Viralmaniar,Viralmaniar/Reg-Hives,2017-04-06T13:21:34Z,15,15,Python,True,True,
Viralmaniar,Viralmaniar/security-onion,2017-03-07T05:40:18Z,1,1,,True,True,
iancoleman,iancoleman/iancoleman.io,2017-10-31T21:38:26Z,10,10,HTML,True,True,
iancoleman,iancoleman/slip39,2019-12-05T23:45:10Z,57,57,JavaScript,True,True,mit
iancoleman,iancoleman/shamir,2016-07-11T23:25:23Z,221,221,HTML,True,True,mit
iancoleman,iancoleman/bip39,2014-09-18T02:40:25Z,3564,3564,JavaScript,True,True,mit
iancoleman,iancoleman/safe_network,2023-05-11T03:23:34Z,0,0,,True,True,
iancoleman,iancoleman/python-iwlist,2014-09-22T00:34:32Z,64,64,Python,True,True,
iancoleman,iancoleman/aes_vs_bls_encryption_benchmarks,2024-01-26T04:42:53Z,0,0,Rust,True,True,
iancoleman,iancoleman/blsttc,2021-07-24T01:35:11Z,1,1,,True,True,other
iancoleman,iancoleman/maid_distribution,2023-11-27T22:40:25Z,2,2,JavaScript,True,False,
iancoleman,iancoleman/strcase,2015-10-09T09:12:18Z,1019,1019,Go,True,True,mit
iancoleman,iancoleman/orderedmap,2017-03-01T04:33:31Z,359,359,Go,True,True,mit
iancoleman,iancoleman/keycompression,2018-02-09T00:58:45Z,62,62,HTML,True,True,mit
iancoleman,iancoleman/eip2333-tool,2021-02-26T07:26:39Z,20,20,JavaScript,True,True,mit
iancoleman,iancoleman/wallet_gui_for_sn,2023-05-16T10:40:35Z,1,1,Rust,True,True,mit
iancoleman,iancoleman/keygen_bruteforce_for_prefix,2023-03-30T00:49:49Z,1,1,Rust,True,True,
iancoleman,iancoleman/blsttc_ui,2020-08-05T10:24:10Z,8,8,JavaScript,True,True,mit
iancoleman,iancoleman/xor_name,2021-04-22T00:31:22Z,0,0,,True,True,bsd-3-clause
iancoleman,iancoleman/BLS-DKG,2020-08-15T01:02:09Z,0,0,,True,True,bsd-3-clause
iancoleman,iancoleman/routing,2020-02-05T10:12:28Z,1,1,,True,True,other
iancoleman,iancoleman/log_viewer_for_safe_nodes,2020-04-01T23:30:42Z,1,1,JavaScript,True,True,mit
iancoleman,iancoleman/entropy_bias_calculator,2020-09-09T22:43:23Z,4,4,JavaScript,True,True,mit
iancoleman,iancoleman/filterlists,2020-07-24T23:23:39Z,0,0,,True,True,
iancoleman,iancoleman/ed25519_vs_bls_key_benchmarks,2020-09-08T10:27:19Z,1,1,Rust,True,True,
iancoleman,iancoleman/bls_interop,2020-11-10T02:07:44Z,1,1,Rust,True,True,
iancoleman,iancoleman/wlips,2020-12-02T21:42:25Z,0,0,,True,True,mit
iancoleman,iancoleman/cia_world_factbook_api,2017-07-07T03:22:39Z,199,199,Go,True,True,mit
iancoleman,iancoleman/sn_client,2021-01-07T22:22:55Z,0,0,,True,True,other
iancoleman,iancoleman/sn_node,2021-01-08T08:13:47Z,0,0,,True,True,other
iancoleman,iancoleman/rust-crdt,2021-01-14T09:54:08Z,0,0,,True,True,apache-2.0
iancoleman,iancoleman/sn_messaging,2021-01-15T02:44:46Z,0,0,,True,True,bsd-3-clause
